{
    "File ID": " SO  ILs W",
    "File name": "Think Wood_Williams College Museum of Art Project Profile_04162025.docx",
    "Article_Title": "SO \u2013 IL\u2019s Williams College Museum of Art Features Mass Timber With a Twist",
    "Author": "Not specified",
    "Author_organization": "Think Wood",
    "Publication_year": "Not specified",
    "Keywords": [
        "Mass timber",
        "CLT",
        "Cross-laminated timber",
        "Glulam",
        "Warped CLT panels",
        "Museum of Art",
        "Wood construction",
        "Sustainability",
        "Precision",
        "Architectural forms",
        "Carbon reduction",
        "Green Building Certification",
        "Living Building Challenge 4.0 Core",
        "Post-and-beam construction",
        "Undulating roof",
        "CNC milling",
        "Structural integrity",
        "Building design",
        "Acoustic performance",
        "Thermal performance",
        "Material science"
    ],
    "TLDR_summary": "The Williams College Museum of Art is constructing a new building featuring mass timber, specifically utilizing warped CLT panels to create an undulating roof. This innovative design, developed by SO \u2013 IL and Fast + Epp, aims for Living Building Challenge 4.0 Core Green Building Certification while showcasing the architectural potential of mass timber.",
    "Focus area": [
        "Architecture",
        "Construction",
        "Engineering",
        "Material science"
    ],
    "Participating_organizations": [
        "Williams College Museum of Art",
        "SO \u2013 IL",
        "Charles Moore",
        "USDA",
        "Fast + Epp",
        "Nordic Structures",
        "PDR",
        "Consigli"
    ],
    "Hyperlinks_Internal": [
        "Not specified"
    ],
    "Hyperlinks_External": [
        "Not specified"
    ],
    "Hyperlinks_Other": [
        "Not specified"
    ]
}