{
    "File ID": " A Sound C",
    "File name": "Think Wood_Community MusicWorks Center Project Profile_04222025",
    "Article_Title": "A Sound Choice: Mass Timber Strikes the Right Note for Community MusicWorks Center",
    "Author": "Not specified",
    "Author_organization": "Think Wood",
    "Publication_year": "Not specified",
    "Keywords": [
        "Mass timber",
        "CLT (Cross-Laminated Timber)",
        "Glulam",
        "Acoustics",
        "Community center",
        "Performance hall",
        "Music education",
        "Wood construction",
        "Sustainability",
        "Carbon impact",
        "Structural design",
        "Wood",
        "Ipe cladding",
        "Healthy Materials Lab",
        "Panelized light-frame wood construction"
    ],
    "TLDR_summary": "This article discusses the Community MusicWorks Center in Providence, Rhode Island, designed by 3SIX0 Architecture, which utilizes mass timber (CLT and glulam) to create a community music space with excellent acoustics. The design embraces the unique geometries of the site and promotes community engagement while offering a sustainable and aesthetically pleasing solution.",
    "Focus area": [
        "Architecture",
        "Construction",
        "Building science",
        "Material science",
        "Education",
        "Community development"
    ],
    "Participating_organizations": [
        "Community MusicWorks",
        "3SIX0 Architecture",
        "Healthy Materials Lab",
        "Parsons School of Design",
        "Pezzuco Construction Inc",
        "WSP USA Buildings Inc.",
        "ARUP",
        "Element5",
        "HASSLACHER Group"
    ],
    "Hyperlinks_Internal": [
        "Not specified"
    ],
    "Hyperlinks_External": [
        "Not specified"
    ],
    "Hyperlinks_Other": [
        "Not specified"
    ]
}